environment,replication,RAC_HRP,HRP_static,HRP_periodic_3,EW,ERC
A_iid_gaussian,0,-0.190128106797274,-0.18535197220358915,-0.1140548409934386,-0.46006818476424766,-0.17780467643612233
A_iid_gaussian,1,-1.0794603216076235,-1.0845673341781734,-1.006012619793118,-1.0531160164799223,-1.1634450378924814
A_iid_gaussian,2,0.2635608774084709,0.2949912139170441,0.24289404737368342,0.2507879336863566,0.19947384702820056
A_iid_gaussian,3,-0.6574376929642558,-0.654449970627162,-0.63746940582719,-0.40806405739991747,-0.46197724591040107
A_iid_gaussian,4,-0.2843937406876328,-0.345892057035213,-0.3041188591812766,-0.32721925707641714,-0.3052731040694777
A_iid_gaussian,5,0.3358399469599767,0.29717613660011133,0.27297710229655525,0.2778177210692961,0.29054839740194854
A_iid_gaussian,6,-0.37278556958408965,-0.4530312004672376,-0.4503114579283453,-0.6730272020296969,-0.6068442914609089
A_iid_gaussian,7,-0.24937005639123944,-0.21535686849900057,-0.22629139152090508,-0.1781495492868134,-0.10260573177712776
A_iid_gaussian,8,-0.11102291035259967,-0.13601494969617597,-0.06417801505724416,-0.07527884894115748,-0.14072372865460173
A_iid_gaussian,9,-0.8394023594599235,-0.8405606438398153,-0.8344166658507691,-0.548386545054846,-0.724661702912264
A_iid_gaussian,10,0.06998624147858082,0.07858444201950278,0.039838522071854524,0.26872470546122434,0.1971384161352785
A_iid_gaussian,11,0.28185833029708945,0.3245586099341627,0.2696622111545352,0.2322388626222231,0.2710736177479616
A_iid_gaussian,12,-0.7306505395681786,-0.7708553607935611,-0.7442028975494873,-0.7494610301117499,-0.7086818589970035
A_iid_gaussian,13,0.3512749915537107,0.3443008706485566,0.38476549201030097,0.18736657726247594,0.39677870926327663
A_iid_gaussian,14,-0.9353232580171686,-0.90944683478399,-0.9960695101515012,-0.7748077928938696,-0.6727228385078551
A_iid_gaussian,15,-0.23115395565055138,-0.29177411382461466,-0.21284815491697592,-0.1927038654347835,-0.13471849396918345
A_iid_gaussian,16,0.29170515205773634,0.3313514929054931,0.2295579806802129,0.540282956046712,0.4140103069126202
A_iid_gaussian,17,-0.7669285147214105,-0.7566579218697488,-0.8309936319053335,-0.3224592099833998,-0.6440716402286712
A_iid_gaussian,18,0.18275719706004614,0.1692540976522709,0.14929503823026494,0.13997488117695014,0.1945987767733618
A_iid_gaussian,19,-0.6210904297089758,-0.5607889982714955,-0.5975370280720038,-0.43012422574437686,-0.5648743830452209
A_iid_gaussian,20,-0.8008629016431703,-0.8253577489550042,-0.7785935712576519,-0.6153642034807552,-0.583731278438571
A_iid_gaussian,21,-0.1385376291810337,-0.14338332148902444,-0.12722967156165604,0.38212749953526953,0.14062202812493915
A_iid_gaussian,22,-0.27403346837420367,-0.2997814913647093,-0.303578110012349,-0.6450499523882801,-0.4148423200292184
A_iid_gaussian,23,-0.3337250816440154,-0.2722615266939055,-0.2704322201998453,-0.12815659622035747,-0.20819282648074303
A_iid_gaussian,24,-0.5593241636854044,-0.5589147835579252,-0.5175627611795195,-0.396568043998208,-0.48484609173213034
A_iid_gaussian,25,-0.3396233598417313,-0.3480422682155894,-0.36151670499945177,-0.21040055482848408,-0.2679304830886256
A_iid_gaussian,26,-0.2346599656611091,-0.17173497575918437,-0.1856523690085204,-0.1816258963189957,-0.14961971300534882
A_iid_gaussian,27,-1.308712063344149,-1.3999349931226026,-1.2890692944032773,-1.5286792332632022,-1.5439849813270636
A_iid_gaussian,28,-0.8601828695582164,-0.7912595783458405,-0.8883172874036888,-0.5209274730999839,-0.6638639621563652
A_iid_gaussian,29,-0.5168820924021561,-0.38996875646808693,-0.4952515067418152,-0.3447526552474905,-0.37449204357870697
A_iid_gaussian,30,-0.03656597125943783,-0.07727395755480296,-0.025144663341295413,-0.1638365366045922,-0.11342304660118055
A_iid_gaussian,31,-1.1199133726829362,-1.123934589942734,-1.1224142018505257,-1.013217154181471,-1.0518457909974173
A_iid_gaussian,32,-0.16827660995165625,-0.18940774097736152,-0.21468113839623443,-0.433867958886888,-0.29693597954036155
A_iid_gaussian,33,-0.6737037271510427,-0.6428393820045779,-0.6325534166995241,-0.44960095175362125,-0.5703069550670429
A_iid_gaussian,34,-0.675572250266588,-0.7375770261232107,-0.7881952678991834,-0.81082237325487,-0.8172975289938514
A_iid_gaussian,35,-0.5822009639398216,-0.5883513777091762,-0.632111339298578,-0.5955535755883945,-0.5006308410085084
A_iid_gaussian,36,-0.8010034640263104,-0.7073570553028814,-0.7680179168891637,-0.7419602494330316,-0.6625773159797432
A_iid_gaussian,37,-0.6334523629837547,-0.6162733911469662,-0.5376294627918253,-0.5542707736947063,-0.5901568887712842
A_iid_gaussian,38,-0.19354811083915202,-0.1698022286590576,-0.22723946721485175,0.14619544012150434,-0.09447079131342376
A_iid_gaussian,39,-1.0405523750008001,-1.0492045646614783,-1.098551614547118,-0.8965655546129014,-0.9931132401172387
A_iid_gaussian,40,-0.9728865445913377,-0.9911121413520634,-0.9951483046441272,-0.8517923900784128,-0.9124569277382016
A_iid_gaussian,41,0.4350995522289029,0.5247575910910003,0.4680247186932141,0.5108112900426791,0.4929149950648101
A_iid_gaussian,42,-1.2627102209880663,-1.3395672425859182,-1.2610006364619508,-1.1735410550950496,-1.240053660593465
A_iid_gaussian,43,-0.5252699232073328,-0.5251129928644177,-0.5018172949786185,-0.5242966329747752,-0.4683653178327755
A_iid_gaussian,44,-0.07406952223187334,-0.10521298173840835,-0.07069019023022666,-0.24431866589050874,-0.10411281503390839
A_iid_gaussian,45,-1.0596087594477075,-1.0895556566110998,-1.0214076760537778,-0.6182499004924142,-0.8027699582319731
A_iid_gaussian,46,-1.5246844362269973,-1.4911109135217253,-1.5270670684878953,-1.2931204708634179,-1.4498450204968645
A_iid_gaussian,47,-0.3543973280896252,-0.3183159139664558,-0.4008292056274171,-0.412543133671844,-0.3395110213487155
A_iid_gaussian,48,-0.26352216221273794,-0.27016144882549903,-0.255806747716887,-0.09399673018409499,-0.06910714463434908
A_iid_gaussian,49,-0.22751126280254552,-0.19464318682822804,-0.16937500182249438,-0.1034927536190944,-0.2643002626812565
A_iid_gaussian,50,-0.20761991073157754,-0.18994920073969868,-0.21078841093900033,0.1764855805745746,-0.05216098169038332
A_iid_gaussian,51,-0.5028889437762664,-0.48530845361011626,-0.49737437340333807,-0.3754770550247387,-0.4706691284729093
A_iid_gaussian,52,0.22797579130261755,0.23472046365992033,0.23225231513066405,0.37296215005305666,0.26833683441702677
A_iid_gaussian,53,-0.6408258543873137,-0.6456854380657432,-0.6904671692138491,-0.5527156593870644,-0.578137201993326
A_iid_gaussian,54,-0.7666039846989781,-0.7765424561946006,-0.804339235649947,-0.3233319483096984,-0.5365594087011369
A_iid_gaussian,55,-0.6086352630118701,-0.5637323370057399,-0.5603544322318217,-0.6063680469926617,-0.7110404528728247
A_iid_gaussian,56,-0.2308659049253267,-0.21453636978160684,-0.2234393421639745,-0.36798875997296965,-0.3045860457022356
A_iid_gaussian,57,-1.1982276075178095,-1.2725354110881155,-1.1515462868122759,-1.30476675170131,-1.3496632853293988
A_iid_gaussian,58,-0.8452580961991766,-0.8923089432113686,-0.8526605069817605,-0.8716475610044575,-0.9183683726433309
A_iid_gaussian,59,-0.2660065607128906,-0.27588310812172767,-0.2719283237949844,-0.20830024101470346,-0.24623117000021458
A_iid_gaussian,60,-0.3794916277067181,-0.3792985289002327,-0.3721777762095544,-0.1151413657391518,-0.19737618500891807
A_iid_gaussian,61,-0.903930197123976,-0.9101847569847079,-0.9284330604252917,-0.9805435408540956,-0.8618026928052339
A_iid_gaussian,62,-0.8735534091180888,-0.9016863200029688,-0.8914278328107882,-0.97345780008877,-1.009900822939271
A_iid_gaussian,63,0.16150330411572233,0.28322585515826865,0.1961663210801448,0.5251854486229839,0.35883488405615616
A_iid_gaussian,64,-0.4211930636672896,-0.465854574165458,-0.49740481938812264,-0.4018585160336208,-0.4073457779876536
A_iid_gaussian,65,-0.4632242021963755,-0.44352607758722135,-0.48445796168136745,-0.09048371262967912,-0.25497362001970114
A_iid_gaussian,66,-0.19756531004837022,-0.14024140511380076,-0.17431728976793612,-0.01712236208118448,-0.06346593633760249
A_iid_gaussian,67,-0.514045134110231,-0.4850305796826144,-0.500598742841851,-0.5744837008696397,-0.5237701755002334
A_iid_gaussian,68,-0.8402746786981022,-0.8432260577691328,-0.8230750176249718,-0.798288900921762,-0.8417590888480034
A_iid_gaussian,69,-0.45126644337416105,-0.46127925245160517,-0.4828349601161181,-0.4818457429350934,-0.44931052880952466
A_iid_gaussian,70,0.14149212549325527,0.1564348036733916,0.2266231141704261,0.25996839583608844,0.23214622072500501
A_iid_gaussian,71,-0.5136263903918082,-0.48590933327401253,-0.4795345424077734,-0.10138700892610165,-0.2975743460359813
A_iid_gaussian,72,-1.21857974840943,-1.2496598363368099,-1.2392893028985688,-1.263813917894959,-1.2450650793264832
A_iid_gaussian,73,-0.8783831296061586,-0.7667230243726433,-0.8931696732274761,-0.6334480396655767,-0.7254857139987687
A_iid_gaussian,74,-0.10684025908295043,-0.07369704235546022,-0.027363856141969563,0.21192539481358458,0.003052906200683592
A_iid_gaussian,75,-0.7729606663895305,-0.6854202661156173,-0.7488913642739556,-0.6257722196458531,-0.6196458324427696
A_iid_gaussian,76,0.23283969292360435,0.16672662472406646,0.19583503637267438,-0.1200342085001145,0.057915104862316116
A_iid_gaussian,77,0.08284216987579529,0.1051690545494792,0.16556395430389687,0.3902015141652446,0.20914766586662017
A_iid_gaussian,78,-0.5641168366149617,-0.5722290301617778,-0.5649557647422101,-0.45610994831133,-0.5265778572868922
A_iid_gaussian,79,-0.7512562417567805,-0.7782091679133367,-0.7868474188299158,-0.7065302363425559,-0.7527795995918876
A_iid_gaussian,80,0.053582687807873446,0.037754395136152814,0.10161463352723195,-0.18777920707746124,-0.09108079736391744
A_iid_gaussian,81,-0.26525435316574164,-0.2955277316491477,-0.29130862549349273,-0.5045422748177347,-0.41538132269369393
A_iid_gaussian,82,-1.057589674199443,-1.0177372343439153,-1.0117159720913134,-1.039450720774974,-1.003473998656936
A_iid_gaussian,83,-0.7340035077106464,-0.6925075628202092,-0.7320463868904034,-0.6334293348305265,-0.6889700720214195
A_iid_gaussian,84,-0.01865570777697075,-0.05284130282071379,-0.042570716449209074,-0.22882945480906328,0.0007849894910140254
A_iid_gaussian,85,-0.37587921788180517,-0.36549688787600676,-0.4320598470869162,-0.25242270561339825,-0.29817460005740865
A_iid_gaussian,86,-0.7392295173807311,-0.7959829448663552,-0.7263602569229686,-0.7191350322743464,-0.831454462121201
A_iid_gaussian,87,-0.3378581583249084,-0.3066594137925714,-0.33210778016946096,-0.13344133576305053,-0.3154393531330405
A_iid_gaussian,88,-0.2888619848426605,-0.2948176859889814,-0.2978381795994578,-0.2361989552880525,-0.20844635538100523
A_iid_gaussian,89,-0.6066775055682299,-0.5874167223297432,-0.5922635566552037,-0.3925520697193357,-0.5010547483943543
A_iid_gaussian,90,-0.1485335288686778,-0.12293526706211298,-0.14691218589383384,-0.15272253504970454,-0.1437736339769704
A_iid_gaussian,91,-0.605939103170149,-0.6120988669508476,-0.5421592299363962,-0.39869241065359173,-0.5483517887519822
A_iid_gaussian,92,-0.763203954017714,-0.7922388652673721,-0.7732646470105028,-0.7733766211421528,-0.7460195823790429
A_iid_gaussian,93,-0.48432487955092657,-0.5206799138437104,-0.5505411256714358,-0.6797209494723693,-0.6205447415191451
A_iid_gaussian,94,0.3348930454228993,0.39834965008866696,0.3733897675999607,0.2627364362357224,0.3337763698975183
A_iid_gaussian,95,-0.3431323273073073,-0.352448228444301,-0.3164412936818322,-0.10519669425194741,-0.1683351275717642
A_iid_gaussian,96,-0.26439696744976,-0.3522820036609867,-0.27432531680588584,-0.33028274907763017,-0.4077792395070193
A_iid_gaussian,97,0.7155095422924551,0.6482510409026482,0.7168059854061272,0.40550853782170615,0.6116702460110282
A_iid_gaussian,98,-0.8610012505592998,-0.8616172255352263,-0.8676277996313527,-0.6397579634071956,-0.7159271707324243
A_iid_gaussian,99,-0.4695533031815397,-0.4864934745385467,-0.4068890325923484,-0.6965042775691622,-0.605209178749282
A_iid_gaussian,100,-0.32051744483393946,-0.28923053977846064,-0.2540234405434774,-0.22734585462762566,-0.1867451389299103
A_iid_gaussian,101,-1.175445762564864,-1.1867894734842488,-1.1621651296590836,-0.7135363907855785,-0.9226735041913142
A_iid_gaussian,102,-0.8604930032531287,-0.7744825841175091,-0.7392847822377435,-0.5668524584998883,-0.6117792871121358
A_iid_gaussian,103,-0.7953590534818316,-0.7499359631585697,-0.8412098750607262,-0.6074825456239417,-0.7450630585743907
A_iid_gaussian,104,-0.3939827148750908,-0.4396117025548886,-0.47494346443102575,-0.48885273134449725,-0.4278435656782095
A_iid_gaussian,105,0.29165423018645625,0.2846129908020273,0.3116602088456529,0.3727509228235247,0.3923659856269219
A_iid_gaussian,106,-0.5908073398201825,-0.6924309979905624,-0.6728788775440316,-0.6360376062051412,-0.7481006617476733
A_iid_gaussian,107,-1.166851781875569,-1.2117511499540665,-1.146625184561674,-1.2558122727229788,-1.0931616066490806
A_iid_gaussian,108,-0.7144530460306852,-0.7516610484305553,-0.7417097439058252,-0.6554625877330527,-0.6610369243943114
A_iid_gaussian,109,-0.4614076682628024,-0.4763139563923519,-0.4602366155537105,-0.519116557262426,-0.40808740666004906
A_iid_gaussian,110,0.08768663326213004,0.1299681875056423,0.13730045385473347,0.2721425270243389,0.2255571919453259
A_iid_gaussian,111,-0.30191644719955973,-0.3398078301040338,-0.25943008832899234,-0.274398152333091,-0.2597972854023797
A_iid_gaussian,112,-1.4603757152878425,-1.3844631692800933,-1.4560931460048576,-1.1768660638252981,-1.28451766391939
A_iid_gaussian,113,-0.2105644390509215,-0.1687007053442498,-0.22366329299413376,0.025591675172799557,-0.0318435176340417
A_iid_gaussian,114,-0.4256386224615655,-0.48474980126993755,-0.4773758564382121,-0.3177412831584474,-0.43975291050812043
A_iid_gaussian,115,0.0595123954949204,0.03215534096022985,0.06336110050320193,0.10729935473578626,0.030372152310493724
A_iid_gaussian,116,-0.9852802363099779,-0.9522420783607826,-0.9422396883717714,-0.8807369290520275,-1.0275099635867675
A_iid_gaussian,117,-0.0378218341774912,-0.05768960986566687,-0.06610156891430317,-0.1638115424329631,-0.05437883621504535
A_iid_gaussian,118,-0.39007508152025794,-0.5586880363284686,-0.491404404306976,-0.4921893244047963,-0.5499235088452865
A_iid_gaussian,119,-0.29883968936905747,-0.37440988517746276,-0.3159156958759965,-0.4067255299408064,-0.28016625265544987
A_iid_gaussian,120,-1.0305987079438124,-1.047943455047278,-1.050711570800881,-0.9011023605912204,-0.8600696409101289
A_iid_gaussian,121,-0.6909743348014288,-0.7427799351025504,-0.7265716843832483,-0.5765790587562564,-0.6652335950303742
A_iid_gaussian,122,-0.6220246460749884,-0.5808193302769692,-0.6050141092611416,-0.6176373208656043,-0.6480718963604246
A_iid_gaussian,123,0.7540065615009836,0.746633896370093,0.7742816278272043,0.6275451547904383,0.688325344629495
A_iid_gaussian,124,-0.7722917764783496,-0.6788818601546948,-0.5892668894509883,-0.6165878383952085,-0.6924675871228687
A_iid_gaussian,125,-0.8511412190521171,-0.8610240597290582,-0.8698061608592721,-0.6343414378157483,-0.7347943059037076
A_iid_gaussian,126,0.13080519722236164,0.16739445949507198,0.14805783998977676,0.13573020778220363,0.27902062191345967
A_iid_gaussian,127,-0.5413865463236732,-0.5223185988068749,-0.5321818253373359,-0.5021398191443065,-0.5744028696552403
A_iid_gaussian,128,-0.4326060881707235,-0.4588410737096407,-0.4341935312321535,-0.3662352078065367,-0.3955790823495922
A_iid_gaussian,129,-0.47021945746546345,-0.370949626221442,-0.4675898494642981,-0.45088803704154623,-0.40215734017333604
A_iid_gaussian,130,-0.6542699343576924,-0.5905444197554347,-0.7200351824988277,-0.47476448968933177,-0.6192803332670411
A_iid_gaussian,131,0.4566396474286121,0.49621694535724137,0.44767588172442124,0.47016125411307474,0.5697445451215271
A_iid_gaussian,132,-0.27544778209071386,-0.28786757392685763,-0.2813904369259009,-0.3105891159768522,-0.31119354074135946
A_iid_gaussian,133,-0.5999425771355875,-0.7055120616466307,-0.5877427130480584,-0.7717702754177665,-0.74044531159094
A_iid_gaussian,134,-0.4446943494276616,-0.5278339503677802,-0.5250186715363108,-0.47292246340376415,-0.40982209020334526
A_iid_gaussian,135,-0.10221288660707843,-0.11164840358731863,-0.19742449002193344,0.1148769014086597,0.09128303092254313
A_iid_gaussian,136,-0.578195262150918,-0.6306297175574482,-0.5542255500482601,-0.8062760001314274,-0.6998878296376503
A_iid_gaussian,137,0.10281804795716293,0.08151263396314265,0.1406506199486303,0.4424654156291139,0.14844716036372207
A_iid_gaussian,138,-0.05353675498717977,-0.09587527123524729,-0.013156885498639132,-0.05985653880127224,0.0038755189285702147
A_iid_gaussian,139,-0.877002262958367,-0.728849887426858,-0.8265338465955966,-0.5956882470875589,-0.5715940127963389
A_iid_gaussian,140,-0.9523979181143208,-0.9626442625315551,-0.9079665347067857,-0.9035516053434228,-0.948424307131581
A_iid_gaussian,141,-0.04460482857681873,-0.1113925231678114,-0.1149939599480129,-0.35083937843400964,-0.1694599896125423
A_iid_gaussian,142,-0.8552096116866279,-0.7769194935417418,-0.8797173389078683,-0.6978188681588421,-0.7236765763742752
A_iid_gaussian,143,-0.4845712666490999,-0.4072172787997863,-0.4558326486110619,-0.30487579430962086,-0.3566759868444109
A_iid_gaussian,144,-0.3228037524673504,-0.30847694081525356,-0.3528033220724488,-0.05273199566468899,-0.19157368192652904
A_iid_gaussian,145,-1.003450786417358,-1.0511679206282436,-1.0478472557073526,-0.7763570949821971,-0.9116047144105559
A_iid_gaussian,146,-0.33799336990050355,-0.3803526052024455,-0.36499533385203675,-0.39451118925718726,-0.3381141135423275
A_iid_gaussian,147,-0.663320022148691,-0.7308273855995882,-0.677991627619641,-0.637872468614713,-0.6955663962994451
A_iid_gaussian,148,-0.0942652855750719,-0.13593110722522359,-0.09468289027027448,-0.026888258435583047,-0.12941960971378885
A_iid_gaussian,149,-1.177449959658869,-1.0798024635309647,-1.1951624940163952,-0.8278878723343941,-1.043385614893107
B_xsec_shuffle,0,-0.14421722082843977,-0.15277655410594984,-0.15494548695042934,-0.1722257456455089,-0.16116071105589166
B_xsec_shuffle,1,-0.12138967308295012,-0.1465916923107065,-0.15815521786772252,-0.132683007341132,-0.13687133886489689
B_xsec_shuffle,2,-0.1927900988470841,-0.21401309801222193,-0.22474314633093637,-0.1985101637282255,-0.20097897591309344
B_xsec_shuffle,3,-0.062065362885046306,-0.0654132269552917,-0.06942986469461114,-0.07393780870049797,-0.06508348275953148
B_xsec_shuffle,4,-0.09571910396828494,-0.07603804380439909,-0.07988222536808819,-0.09802659836270519,-0.09260899782387497
B_xsec_shuffle,5,-0.2662234730535377,-0.24644480004141062,-0.24317897119343382,-0.24357145336418967,-0.24448636481139585
B_xsec_shuffle,6,-0.19296486380578143,-0.2285533021524934,-0.18971746995136435,-0.21712725979838984,-0.2106380219902393
B_xsec_shuffle,7,-0.23102248582119125,-0.20748915815266347,-0.22308496738078878,-0.20720325973844997,-0.22043487640769985
B_xsec_shuffle,8,0.022722928349968464,0.016586939614068846,0.009757403995410313,-0.03126273044565952,-0.008462263542367681
B_xsec_shuffle,9,-0.1517795766002764,-0.14102784365546467,-0.1554486326971722,-0.14058716595532825,-0.14966589001347963
B_xsec_shuffle,10,-0.23177360795405325,-0.18892588297963545,-0.24354745432648955,-0.2161845186911751,-0.22715723301864105
B_xsec_shuffle,11,-0.18260292556393132,-0.18405076291038483,-0.18280617755521397,-0.1680035116177862,-0.17048389319139154
B_xsec_shuffle,12,-0.1156409962894482,-0.1181741830099113,-0.13158186490674184,-0.12343253535907442,-0.11870446414497711
B_xsec_shuffle,13,-0.19313555456151055,-0.20038108025812895,-0.1721371520027901,-0.17334323475980126,-0.17947258602433613
B_xsec_shuffle,14,-0.05884552555391615,-0.06007455987785469,-0.05217908628800244,-0.05048563576730154,-0.05407127744358267
B_xsec_shuffle,15,-0.1721976527095087,-0.13750692255505156,-0.174071545795045,-0.14169355084084354,-0.1554994401859131
B_xsec_shuffle,16,-0.18095611652325766,-0.17876436866480497,-0.17839247203863584,-0.1672436212927297,-0.17424769599190795
B_xsec_shuffle,17,-0.09757397861935298,-0.0636443072359947,-0.09677234632630553,-0.050005789580881456,-0.06985602786912837
B_xsec_shuffle,18,-0.17068769771210657,-0.16553156027543628,-0.1755804986193755,-0.18267256285522335,-0.18370695004194318
B_xsec_shuffle,19,-0.41189177087339873,-0.4024089898841167,-0.4033784342094446,-0.3993219719437864,-0.41025248950288357
B_xsec_shuffle,20,-0.292522554576545,-0.2936395333792069,-0.28802243994486626,-0.3115131563410454,-0.2954238361516295
B_xsec_shuffle,21,-0.15480603751359495,-0.14574513373774625,-0.1517202015675589,-0.1726570208967872,-0.16076880697437984
B_xsec_shuffle,22,-0.16174189256212987,-0.17461875414003822,-0.1501473240962865,-0.1953329520533201,-0.18296029451355136
B_xsec_shuffle,23,-0.2364825609058283,-0.2220721253300733,-0.20674829660200097,-0.22822170378918874,-0.23214352397545196
B_xsec_shuffle,24,-0.2220636767656661,-0.21406083708562137,-0.20324135272909938,-0.2018291418681944,-0.20048213390965047
B_xsec_shuffle,25,-0.059141437782305836,-0.03813208485736213,-0.0570675432293839,-0.08597389025884486,-0.07173279763836339
B_xsec_shuffle,26,-0.10289622163096614,-0.0944358823319859,-0.10514900744512626,-0.10570357363907812,-0.10644510594197332
B_xsec_shuffle,27,-0.0723241904125133,-0.05994894348271129,-0.07172397627898974,-0.04415328658786928,-0.04839672574669754
B_xsec_shuffle,28,-0.1971210063974202,-0.17152279356543704,-0.18597897219533918,-0.21092652458503025,-0.1982058899003942
B_xsec_shuffle,29,-0.06143017319612854,-0.08267464421247156,-0.055150052804143444,-0.07510480702883657,-0.07281588103586141
B_xsec_shuffle,30,-0.2725342350855596,-0.25505859812164816,-0.2729577542899202,-0.2731159613349896,-0.26811957953725973
B_xsec_shuffle,31,-0.14446660059397573,-0.14676562984045477,-0.1514625658894734,-0.15415566852481943,-0.1569450038255623
B_xsec_shuffle,32,-0.16432285250963669,-0.17587204604231205,-0.16347582947093012,-0.21405864544448377,-0.20250121138165797
B_xsec_shuffle,33,-0.20487262270266207,-0.20448176590114236,-0.20235055664894808,-0.2057044004889602,-0.20779507347197645
B_xsec_shuffle,34,-0.1700127762421973,-0.16629434467840384,-0.1754868181396524,-0.16261160968465602,-0.17233303318942023
B_xsec_shuffle,35,-0.14490446511626792,-0.17231640370991083,-0.13493605259090224,-0.14679219900271234,-0.15017500320590071
B_xsec_shuffle,36,-0.12830461469450985,-0.10654772670036324,-0.11995893800102161,-0.11702734411509562,-0.1242810010873585
B_xsec_shuffle,37,-0.10516397149536949,-0.13033608264764102,-0.1316192795878483,-0.11364342613784893,-0.11775000970417554
B_xsec_shuffle,38,-0.19409551039345088,-0.17681703986851138,-0.18976182631233746,-0.17262976251340603,-0.17745418787522302
B_xsec_shuffle,39,-0.22529002515930194,-0.19070253276435623,-0.22474123865172163,-0.24781538284727897,-0.24199533297234183
B_xsec_shuffle,40,-0.23323481667373722,-0.23501842814622662,-0.22467890309523159,-0.23732863552106387,-0.2352086626950441
B_xsec_shuffle,41,-0.22786252172629992,-0.24801444035854317,-0.24798374152640626,-0.23215307026325785,-0.2410907742183687
B_xsec_shuffle,42,-0.05788049715426431,-0.09639808462736782,-0.07574922104449826,-0.11819545688013809,-0.09270478251855117
B_xsec_shuffle,43,-0.31201763786561887,-0.30352199597572604,-0.2885930285605616,-0.2998795205096121,-0.3064002977935301
B_xsec_shuffle,44,-0.10002948740543183,-0.08371970726798122,-0.08716367317923383,-0.09181223815011197,-0.09611811182929621
B_xsec_shuffle,45,-0.23115175618134326,-0.23285172679386743,-0.24952277706169582,-0.23508741554863913,-0.24051999955461378
B_xsec_shuffle,46,-0.1947774997166698,-0.1521557788690032,-0.1731235049753904,-0.1872892780447203,-0.16628774595225435
B_xsec_shuffle,47,-0.15554797187378022,-0.16351360886635713,-0.16320528322180497,-0.15534540784228215,-0.1512439457776627
B_xsec_shuffle,48,-0.21128179870331,-0.18673980920819522,-0.205259799094831,-0.20976367824336856,-0.1992417440188917
B_xsec_shuffle,49,-0.20240837175644694,-0.21008170306675147,-0.21779482521790489,-0.19112654539404378,-0.19696993783842298
B_xsec_shuffle,50,-0.0755071961635731,-0.10207213012207456,-0.09192879094623209,-0.08154245556395555,-0.09556539285889894
B_xsec_shuffle,51,-0.09506102799412114,-0.08891219653650728,-0.06988468888567112,-0.09293981749072013,-0.08725757880429699
B_xsec_shuffle,52,-0.2872813303936768,-0.2798812960093851,-0.2710234573453058,-0.2708869779289247,-0.28480317541896116
B_xsec_shuffle,53,-0.1067174234644422,-0.12058604479315843,-0.09009396879378043,-0.1333145071613073,-0.12647572029906062
B_xsec_shuffle,54,-0.13393694966888153,-0.13969393348300713,-0.13462876737949458,-0.14636764683462322,-0.14395457201321138
B_xsec_shuffle,55,-0.16996986495238514,-0.14715898582152515,-0.13155446277386748,-0.16121245379454727,-0.1571639334164547
B_xsec_shuffle,56,-0.2747996502842154,-0.2949969071301234,-0.26460798949892916,-0.2951835481245946,-0.2811821112089845
B_xsec_shuffle,57,-0.18896518809076251,-0.20543660707236078,-0.21996062727184365,-0.22493850447818606,-0.21259414770772955
B_xsec_shuffle,58,-0.226143196515648,-0.23842777555564848,-0.21983963080148866,-0.21807340825621785,-0.22830970373532075
B_xsec_shuffle,59,-0.018454117585938925,-0.02123164924322658,0.0017088229820743266,-0.03293310426823824,-0.019854237814148166
B_xsec_shuffle,60,-0.049217725613733145,-0.03686352172873812,-0.03924539625130162,-0.04477063328107432,-0.03995377480792903
B_xsec_shuffle,61,-0.196993709324677,-0.19070481513291282,-0.18754134785111032,-0.2059711811118795,-0.19659528919977987
B_xsec_shuffle,62,0.08561785532502816,0.08111135190695082,0.0884135003197176,0.046779119637283796,0.06788615318209795
B_xsec_shuffle,63,-0.15560562210905157,-0.1718121594943804,-0.14902548367650906,-0.18517945423394747,-0.1634239143322166
B_xsec_shuffle,64,-0.14180338933265546,-0.14677347347327682,-0.13656213481335885,-0.15509970369683349,-0.14569567784968535
B_xsec_shuffle,65,-0.08622562423068021,-0.09308082733856243,-0.09048443625909418,-0.11865660833150585,-0.1043722250903688
B_xsec_shuffle,66,-0.23514532901199658,-0.21159696145954685,-0.2089687642493751,-0.18754383174390613,-0.19832759410125092
B_xsec_shuffle,67,0.006183998579822686,-0.011496506753646642,-0.004654152249338509,-0.02333788467508632,-0.019482817910270817
B_xsec_shuffle,68,-0.27271142914211915,-0.24944977292875523,-0.2624876052326248,-0.2741997923206497,-0.2724323719816194
B_xsec_shuffle,69,-0.1490412991540677,-0.1303559727293746,-0.14120109035518838,-0.1280865643550776,-0.13688423364210245
B_xsec_shuffle,70,-0.33506883239480767,-0.32209108959415467,-0.32133786874408066,-0.3205475142760073,-0.32518766808878957
B_xsec_shuffle,71,-0.1329135434093244,-0.15485912097564092,-0.1432258035444171,-0.15996275091921416,-0.15039154190214224
B_xsec_shuffle,72,-0.13763223838894093,-0.14055481878259743,-0.15150733175833797,-0.15641309089265173,-0.15276203073546787
B_xsec_shuffle,73,-0.21961149308661582,-0.19759536227654775,-0.20458301569951093,-0.22406826011277553,-0.203857747870416
B_xsec_shuffle,74,-0.09757577191750318,-0.09542660508298657,-0.11799465520988917,-0.09511325268436492,-0.10062315222421858
B_xsec_shuffle,75,-0.20280899504818065,-0.20133116996530356,-0.20879327946020843,-0.19678533533020703,-0.19862619932978676
B_xsec_shuffle,76,-0.26837271649280603,-0.3114608214064821,-0.27599574700933904,-0.28431800782981564,-0.2757819707165226
B_xsec_shuffle,77,-0.2784251131078696,-0.2598380716366834,-0.2637053456323296,-0.28075366721313916,-0.2818963767947855
B_xsec_shuffle,78,-0.19744749275035092,-0.20469804742719627,-0.21120468017550695,-0.1983092727204151,-0.20129831478867852
B_xsec_shuffle,79,-0.07794591474437822,-0.0729427824225575,-0.07055181268925684,-0.06356210990600208,-0.06908735867776325
B_xsec_shuffle,80,-0.07607503479791322,-0.07444320890000655,-0.06811087798974448,-0.0860485777119402,-0.08845514749447381
B_xsec_shuffle,81,-0.2067340457056566,-0.19533065269041458,-0.1962346164895509,-0.19589820172198819,-0.18988407208267322
B_xsec_shuffle,82,-0.13555926238410104,-0.16021853305324837,-0.16779100649477002,-0.16459706616003453,-0.15843566362471548
B_xsec_shuffle,83,-0.2467743825505094,-0.23326737258775984,-0.2305923492346924,-0.21670780546765905,-0.22263827381267737
B_xsec_shuffle,84,-0.15258878766563316,-0.15843490677130428,-0.15999420869667066,-0.15554998732585798,-0.1564566060160867
B_xsec_shuffle,85,-0.20050030970593383,-0.21186412347440883,-0.20398659309664072,-0.20924073574859003,-0.2016776897357889
B_xsec_shuffle,86,-0.2355394623982372,-0.21246557645571632,-0.2301501204539661,-0.2532963785039212,-0.2394433691198079
B_xsec_shuffle,87,-0.19549445389170397,-0.1953503061052534,-0.19158084926813768,-0.2060821985821119,-0.20548548506008393
B_xsec_shuffle,88,-0.26796552658026773,-0.26498025922815954,-0.2628378809584548,-0.2460589725783834,-0.2609660564349297
B_xsec_shuffle,89,-0.11611449871578804,-0.1351314039198891,-0.12445283011327066,-0.15428059584080187,-0.13407630643642074
B_xsec_shuffle,90,-0.16961780420555167,-0.14149114883348715,-0.17571571116887608,-0.15506694254941367,-0.16940086757950568
B_xsec_shuffle,91,-0.06665551053920866,-0.031133941947998872,-0.060487315221779435,-0.0509381888098657,-0.057273889591595
B_xsec_shuffle,92,-0.2422138102717965,-0.2258148485067923,-0.24683643839653036,-0.20807348113316254,-0.2292974352924752
B_xsec_shuffle,93,-0.19838449358296906,-0.15671605038204084,-0.1968023715178646,-0.17821416009384566,-0.1786239424059133
B_xsec_shuffle,94,-0.27321824196793,-0.272792142371282,-0.270983550600502,-0.2807111544600555,-0.28353196824767934
B_xsec_shuffle,95,-0.12125179788398474,-0.1293678095741639,-0.1498534600435451,-0.15157392008638576,-0.14441347455113326
B_xsec_shuffle,96,-0.2196610718033441,-0.22501300311576372,-0.2266184380380106,-0.24147522819859785,-0.23826567835135068
B_xsec_shuffle,97,-0.11071709091253801,-0.1379813851804767,-0.13114415481693475,-0.1489747685590854,-0.13267113202101327
B_xsec_shuffle,98,-0.19672453030048004,-0.20242416744825661,-0.21957055798222433,-0.21647538278638703,-0.2151133321370979
B_xsec_shuffle,99,-0.17432581730600413,-0.17275195964962378,-0.1634110639704578,-0.1845757410959614,-0.1772564250213774
B_xsec_shuffle,100,0.010505722261911182,0.026793458358434184,0.012963324774885078,-0.026898046730338066,-0.014795791925176634
B_xsec_shuffle,101,-0.17234759661364296,-0.15945207910405187,-0.1614772812040051,-0.12861425035743707,-0.152106659665081
B_xsec_shuffle,102,-0.17496473459257744,-0.15907723224873396,-0.16718886515108328,-0.17224043843956766,-0.17753309632848888
B_xsec_shuffle,103,-0.24123703216069314,-0.24579226460108292,-0.23930836336701652,-0.241801155479954,-0.2398239111201583
B_xsec_shuffle,104,-0.10924840098385312,-0.13249214296298206,-0.118390255617354,-0.12641288789651392,-0.12139798908911381
B_xsec_shuffle,105,-0.15218936744714767,-0.13934298504636636,-0.15585428446827007,-0.13063400618496138,-0.1480678864737048
B_xsec_shuffle,106,-0.25768614853733246,-0.2872125706849824,-0.2709316110148511,-0.2725356078361941,-0.2671109766071375
B_xsec_shuffle,107,-0.29073102127530426,-0.2655153056968478,-0.2809934983445674,-0.274781545376455,-0.2781940257907923
B_xsec_shuffle,108,-0.14224604557845966,-0.1388539925097478,-0.1496436530703372,-0.14666949752758976,-0.14176724462711304
B_xsec_shuffle,109,-0.06102981276979291,-0.05904608862012533,-0.05199426648554295,-0.05877807817853202,-0.06605438065614722
B_xsec_shuffle,110,0.07545258054627657,0.024955421435845466,0.07023399235202378,0.02067568432258276,0.05131506438220743
B_xsec_shuffle,111,-0.25033581128517524,-0.24958826937141526,-0.24335248908024232,-0.24331974877865598,-0.24283346197872077
B_xsec_shuffle,112,-0.07859498544405762,-0.08887213937008799,-0.08546944682647455,-0.09221596857342632,-0.09649312007529047
B_xsec_shuffle,113,-0.13950942674241487,-0.1460744744591568,-0.11727198162274628,-0.17321063173870951,-0.15329569200120918
B_xsec_shuffle,114,-0.11167092047874584,-0.10287627718416202,-0.1079548054680811,-0.11204284575058528,-0.11556139118031146
B_xsec_shuffle,115,-0.1977151988199086,-0.2080741543699048,-0.1993178192450656,-0.18923054745775006,-0.19140530649454268
B_xsec_shuffle,116,-0.08025134552259056,-0.09348054326860095,-0.10960622893360482,-0.11061772660342856,-0.11581854643594591
B_xsec_shuffle,117,-0.12998005191008047,-0.12627353958992388,-0.11042619277401493,-0.11627460676034855,-0.12127007154514287
B_xsec_shuffle,118,-0.10988001804188546,-0.09124947447908353,-0.10596298433496878,-0.12256436865088535,-0.12420340902596896
B_xsec_shuffle,119,-0.267010929261796,-0.2498599062301165,-0.2775832295080888,-0.2350962671189392,-0.25156830337206176
B_xsec_shuffle,120,-0.17635393833400723,-0.17094847443631292,-0.17328498895519645,-0.1803964385343678,-0.17449946657370455
B_xsec_shuffle,121,-0.21749886794424414,-0.2143016774318919,-0.21347412121448886,-0.206720104226474,-0.2050290116389873
B_xsec_shuffle,122,-0.21071159948807353,-0.1739314352060139,-0.21102907888381892,-0.15418162494009147,-0.17189516413784672
B_xsec_shuffle,123,-0.1219075722853315,-0.12557956985250512,-0.13686756095030622,-0.1403393058345403,-0.13562034388591857
B_xsec_shuffle,124,-0.2263555271526379,-0.23413046453341285,-0.23794820758545826,-0.22787382391368227,-0.2287807243272621
B_xsec_shuffle,125,-0.204507218007793,-0.23231052470006955,-0.21334581308583694,-0.21614935676959568,-0.21475501244385334
B_xsec_shuffle,126,-0.1083676843062208,-0.09897531395788448,-0.11365408908444714,-0.13594920851897282,-0.12588412197316168
B_xsec_shuffle,127,-0.1880084176428569,-0.2114929831135163,-0.20129973658269135,-0.20451953315730262,-0.1998392693485651
B_xsec_shuffle,128,-0.2458626103192257,-0.2511804370472083,-0.2346677731246397,-0.22772463616196403,-0.2323741527720783
B_xsec_shuffle,129,-0.16560059357179438,-0.15004180876326195,-0.1917898879441782,-0.1327037509007691,-0.14514510353439883
B_xsec_shuffle,130,-0.16612922296576266,-0.17333386808177967,-0.16985962207120195,-0.1563134537793014,-0.15186068410268752
B_xsec_shuffle,131,-0.13863536517445196,-0.12590870200006846,-0.12895357740551242,-0.1450913794909959,-0.13196333814000963
B_xsec_shuffle,132,-0.15639473478979818,-0.1685392002372072,-0.16358824271150577,-0.18625126500779118,-0.17675066823388697
B_xsec_shuffle,133,-0.0034121335998879873,-0.008286446475037231,0.01814255287923074,0.011625680172387975,0.005500885133289963
B_xsec_shuffle,134,-0.16851016132236823,-0.18174551722597304,-0.1537764204515926,-0.1756259195791339,-0.17365551777642182
B_xsec_shuffle,135,-0.15935224361604405,-0.17115044378239339,-0.17477074681627103,-0.16047065650921294,-0.16045015398888746
B_xsec_shuffle,136,-0.18090355652903173,-0.20133965074763044,-0.19206658734414822,-0.19886415979774902,-0.19795948840764452
B_xsec_shuffle,137,-0.25453150618270803,-0.21855958314812612,-0.2366323750253042,-0.2249992469508234,-0.23519694550480472
B_xsec_shuffle,138,-0.038694536766930444,-0.01946400457591174,-0.046154379302179444,-0.028855835033564793,-0.029288422503834136
B_xsec_shuffle,139,-0.27217230917633045,-0.2742919272960098,-0.2586603925980262,-0.25830320342075364,-0.2623652717375366
B_xsec_shuffle,140,-0.08290123880511485,-0.06925373451927518,-0.07427323030885515,-0.10035172150580277,-0.10124558870960958
B_xsec_shuffle,141,-0.23047904909933864,-0.2334696592100768,-0.22467946414762477,-0.23022713153182559,-0.236398630180233
B_xsec_shuffle,142,-0.18796470792230696,-0.206033687143149,-0.19324658278926607,-0.21812225888423784,-0.20166352263986717
B_xsec_shuffle,143,-0.00010955608855591569,0.0026018971540396237,-0.000648910707622168,-0.01930626506846697,-0.004820629771398011
B_xsec_shuffle,144,-0.18992042679416335,-0.21815152862521237,-0.18612575334722392,-0.19030848591306118,-0.18630773480361484
B_xsec_shuffle,145,-0.1852050690593778,-0.19724301775554345,-0.17494994343767065,-0.17974309174610062,-0.18243504704049857
B_xsec_shuffle,146,-0.14100215414666703,-0.1340513492309531,-0.16019536353285724,-0.14782967887709583,-0.14218251961220552
B_xsec_shuffle,147,-0.14015511228859437,-0.11560442355695162,-0.1251573828526335,-0.13718410066356684,-0.13037891661888185
B_xsec_shuffle,148,-0.18883232707875192,-0.2111195847567222,-0.18614160505574118,-0.18344835534351348,-0.18860262388187726
B_xsec_shuffle,149,-0.11537218083109413,-0.12684304554674947,-0.13176980703641003,-0.140592405813754,-0.12448755166590537
C_trigger_timing,0,0.5227800867890858,0.5231250525081347,0.5169174757870563,0.4668495994407849,0.4665966567235281
C_trigger_timing,1,0.5216381900768015,0.5231250525081347,0.5169174757870563,0.4668495994407849,0.4665966567235281
C_trigger_timing,2,0.5254448077942067,0.5231250525081347,0.5169174757870563,0.4668495994407849,0.4665966567235281
C_trigger_timing,3,0.5349040197066053,0.5231250525081347,0.5169174757870563,0.4668495994407849,0.4665966567235281
C_trigger_timing,4,0.5295534848695455,0.5231250525081347,0.5169174757870563,0.4668495994407849,0.4665966567235281
C_trigger_timing,5,0.5198890811742056,0.5231250525081347,0.5169174757870563,0.4668495994407849,0.4665966567235281
C_trigger_timing,6,0.5010867513807701,0.5231250525081347,0.5169174757870563,0.4668495994407849,0.4665966567235281
C_trigger_timing,7,0.5184070007406183,0.5231250525081347,0.5169174757870563,0.4668495994407849,0.4665966567235281
C_trigger_timing,8,0.5051300671289336,0.5231250525081347,0.5169174757870563,0.4668495994407849,0.4665966567235281
C_trigger_timing,9,0.526139515509783,0.5231250525081347,0.5169174757870563,0.4668495994407849,0.4665966567235281
C_trigger_timing,10,0.5269207184292891,0.5231250525081347,0.5169174757870563,0.4668495994407849,0.4665966567235281
C_trigger_timing,11,0.53117641384251,0.5231250525081347,0.5169174757870563,0.4668495994407849,0.4665966567235281
C_trigger_timing,12,0.5332530074073684,0.5231250525081347,0.5169174757870563,0.4668495994407849,0.4665966567235281
C_trigger_timing,13,0.532692762993678,0.5231250525081347,0.5169174757870563,0.4668495994407849,0.4665966567235281
C_trigger_timing,14,0.5200938410784284,0.5231250525081347,0.5169174757870563,0.4668495994407849,0.4665966567235281
C_trigger_timing,15,0.509768272649787,0.5231250525081347,0.5169174757870563,0.4668495994407849,0.4665966567235281
C_trigger_timing,16,0.5350959314963057,0.5231250525081347,0.5169174757870563,0.4668495994407849,0.4665966567235281
C_trigger_timing,17,0.5167165596160241,0.5231250525081347,0.5169174757870563,0.4668495994407849,0.4665966567235281
C_trigger_timing,18,0.5197622072321444,0.5231250525081347,0.5169174757870563,0.4668495994407849,0.4665966567235281
C_trigger_timing,19,0.5028404137629442,0.5231250525081347,0.5169174757870563,0.4668495994407849,0.4665966567235281
C_trigger_timing,20,0.519239652217168,0.5231250525081347,0.5169174757870563,0.4668495994407849,0.4665966567235281
C_trigger_timing,21,0.52796011686079,0.5231250525081347,0.5169174757870563,0.4668495994407849,0.4665966567235281
C_trigger_timing,22,0.5083290659603826,0.5231250525081347,0.5169174757870563,0.4668495994407849,0.4665966567235281
C_trigger_timing,23,0.5141997651119682,0.5231250525081347,0.5169174757870563,0.4668495994407849,0.4665966567235281
C_trigger_timing,24,0.5217362280400942,0.5231250525081347,0.5169174757870563,0.4668495994407849,0.4665966567235281
C_trigger_timing,25,0.5304784418516312,0.5231250525081347,0.5169174757870563,0.4668495994407849,0.4665966567235281
C_trigger_timing,26,0.523620386043352,0.5231250525081347,0.5169174757870563,0.4668495994407849,0.4665966567235281
C_trigger_timing,27,0.5177123274566197,0.5231250525081347,0.5169174757870563,0.4668495994407849,0.4665966567235281
C_trigger_timing,28,0.5135888419061473,0.5231250525081347,0.5169174757870563,0.4668495994407849,0.4665966567235281
C_trigger_timing,29,0.5244219515373273,0.5231250525081347,0.5169174757870563,0.4668495994407849,0.4665966567235281
C_trigger_timing,30,0.5196842042700591,0.5231250525081347,0.5169174757870563,0.4668495994407849,0.4665966567235281
C_trigger_timing,31,0.5170457163919978,0.5231250525081347,0.5169174757870563,0.4668495994407849,0.4665966567235281
C_trigger_timing,32,0.5147811395170588,0.5231250525081347,0.5169174757870563,0.4668495994407849,0.4665966567235281
C_trigger_timing,33,0.5190876876170862,0.5231250525081347,0.5169174757870563,0.4668495994407849,0.4665966567235281
C_trigger_timing,34,0.5326283536310479,0.5231250525081347,0.5169174757870563,0.4668495994407849,0.4665966567235281
C_trigger_timing,35,0.5173106576274848,0.5231250525081347,0.5169174757870563,0.4668495994407849,0.4665966567235281
C_trigger_timing,36,0.5222754032932008,0.5231250525081347,0.5169174757870563,0.4668495994407849,0.4665966567235281
C_trigger_timing,37,0.5273487245534596,0.5231250525081347,0.5169174757870563,0.4668495994407849,0.4665966567235281
C_trigger_timing,38,0.5261435961449734,0.5231250525081347,0.5169174757870563,0.4668495994407849,0.4665966567235281
C_trigger_timing,39,0.5217746002738617,0.5231250525081347,0.5169174757870563,0.4668495994407849,0.4665966567235281
C_trigger_timing,40,0.5132430605195306,0.5231250525081347,0.5169174757870563,0.4668495994407849,0.4665966567235281
C_trigger_timing,41,0.5235989110185458,0.5231250525081347,0.5169174757870563,0.4668495994407849,0.4665966567235281
C_trigger_timing,42,0.5337330013468509,0.5231250525081347,0.5169174757870563,0.4668495994407849,0.4665966567235281
C_trigger_timing,43,0.5278237657189953,0.5231250525081347,0.5169174757870563,0.4668495994407849,0.4665966567235281
C_trigger_timing,44,0.522687500548724,0.5231250525081347,0.5169174757870563,0.4668495994407849,0.4665966567235281
C_trigger_timing,45,0.5288996104336555,0.5231250525081347,0.5169174757870563,0.4668495994407849,0.4665966567235281
C_trigger_timing,46,0.5085749277035236,0.5231250525081347,0.5169174757870563,0.4668495994407849,0.4665966567235281
C_trigger_timing,47,0.5238414684551261,0.5231250525081347,0.5169174757870563,0.4668495994407849,0.4665966567235281
C_trigger_timing,48,0.5237416129077807,0.5231250525081347,0.5169174757870563,0.4668495994407849,0.4665966567235281
C_trigger_timing,49,0.5402200735227287,0.5231250525081347,0.5169174757870563,0.4668495994407849,0.4665966567235281
C_trigger_timing,50,0.5283350223335943,0.5231250525081347,0.5169174757870563,0.4668495994407849,0.4665966567235281
C_trigger_timing,51,0.5176856162526404,0.5231250525081347,0.5169174757870563,0.4668495994407849,0.4665966567235281
C_trigger_timing,52,0.5297690792310564,0.5231250525081347,0.5169174757870563,0.4668495994407849,0.4665966567235281
C_trigger_timing,53,0.52987262462949,0.5231250525081347,0.5169174757870563,0.4668495994407849,0.4665966567235281
C_trigger_timing,54,0.5154777424824672,0.5231250525081347,0.5169174757870563,0.4668495994407849,0.4665966567235281
C_trigger_timing,55,0.5141113679652493,0.5231250525081347,0.5169174757870563,0.4668495994407849,0.4665966567235281
C_trigger_timing,56,0.5130818859187355,0.5231250525081347,0.5169174757870563,0.4668495994407849,0.4665966567235281
C_trigger_timing,57,0.5187382537374735,0.5231250525081347,0.5169174757870563,0.4668495994407849,0.4665966567235281
C_trigger_timing,58,0.5292250189333011,0.5231250525081347,0.5169174757870563,0.4668495994407849,0.4665966567235281
C_trigger_timing,59,0.5118151999447532,0.5231250525081347,0.5169174757870563,0.4668495994407849,0.4665966567235281
C_trigger_timing,60,0.5160726530297393,0.5231250525081347,0.5169174757870563,0.4668495994407849,0.4665966567235281
C_trigger_timing,61,0.52264969343459,0.5231250525081347,0.5169174757870563,0.4668495994407849,0.4665966567235281
C_trigger_timing,62,0.5119587145593192,0.5231250525081347,0.5169174757870563,0.4668495994407849,0.4665966567235281
C_trigger_timing,63,0.5202834706864548,0.5231250525081347,0.5169174757870563,0.4668495994407849,0.4665966567235281
C_trigger_timing,64,0.5319215708064741,0.5231250525081347,0.5169174757870563,0.4668495994407849,0.4665966567235281
C_trigger_timing,65,0.5209456182008702,0.5231250525081347,0.5169174757870563,0.4668495994407849,0.4665966567235281
C_trigger_timing,66,0.5244336070677384,0.5231250525081347,0.5169174757870563,0.4668495994407849,0.4665966567235281
C_trigger_timing,67,0.5200035750141638,0.5231250525081347,0.5169174757870563,0.4668495994407849,0.4665966567235281
C_trigger_timing,68,0.513265386012736,0.5231250525081347,0.5169174757870563,0.4668495994407849,0.4665966567235281
C_trigger_timing,69,0.5217168260398037,0.5231250525081347,0.5169174757870563,0.4668495994407849,0.4665966567235281
C_trigger_timing,70,0.5190162761483362,0.5231250525081347,0.5169174757870563,0.4668495994407849,0.4665966567235281
C_trigger_timing,71,0.5291059916886455,0.5231250525081347,0.5169174757870563,0.4668495994407849,0.4665966567235281
C_trigger_timing,72,0.5235063183234341,0.5231250525081347,0.5169174757870563,0.4668495994407849,0.4665966567235281
C_trigger_timing,73,0.5118151999447532,0.5231250525081347,0.5169174757870563,0.4668495994407849,0.4665966567235281
C_trigger_timing,74,0.522293538383732,0.5231250525081347,0.5169174757870563,0.4668495994407849,0.4665966567235281
C_trigger_timing,75,0.5211877361094083,0.5231250525081347,0.5169174757870563,0.4668495994407849,0.4665966567235281
C_trigger_timing,76,0.5241025757860048,0.5231250525081347,0.5169174757870563,0.4668495994407849,0.4665966567235281
C_trigger_timing,77,0.538954994703068,0.5231250525081347,0.5169174757870563,0.4668495994407849,0.4665966567235281
C_trigger_timing,78,0.5262422490085082,0.5231250525081347,0.5169174757870563,0.4668495994407849,0.4665966567235281
C_trigger_timing,79,0.5149224272340511,0.5231250525081347,0.5169174757870563,0.4668495994407849,0.4665966567235281
C_trigger_timing,80,0.5271940698408156,0.5231250525081347,0.5169174757870563,0.4668495994407849,0.4665966567235281
C_trigger_timing,81,0.5259274817844194,0.5231250525081347,0.5169174757870563,0.4668495994407849,0.4665966567235281
C_trigger_timing,82,0.5128813566325647,0.5231250525081347,0.5169174757870563,0.4668495994407849,0.4665966567235281
C_trigger_timing,83,0.5188257009461651,0.5231250525081347,0.5169174757870563,0.4668495994407849,0.4665966567235281
C_trigger_timing,84,0.5265008954178125,0.5231250525081347,0.5169174757870563,0.4668495994407849,0.4665966567235281
C_trigger_timing,85,0.5231418811439119,0.5231250525081347,0.5169174757870563,0.4668495994407849,0.4665966567235281
C_trigger_timing,86,0.514866515989448,0.5231250525081347,0.5169174757870563,0.4668495994407849,0.4665966567235281
C_trigger_timing,87,0.5215628097205732,0.5231250525081347,0.5169174757870563,0.4668495994407849,0.4665966567235281
C_trigger_timing,88,0.5349040197066053,0.5231250525081347,0.5169174757870563,0.4668495994407849,0.4665966567235281
C_trigger_timing,89,0.5100699111718159,0.5231250525081347,0.5169174757870563,0.4668495994407849,0.4665966567235281
C_trigger_timing,90,0.5273915794820769,0.5231250525081347,0.5169174757870563,0.4668495994407849,0.4665966567235281
C_trigger_timing,91,0.5063255813122894,0.5231250525081347,0.5169174757870563,0.4668495994407849,0.4665966567235281
C_trigger_timing,92,0.5303959524121663,0.5231250525081347,0.5169174757870563,0.4668495994407849,0.4665966567235281
C_trigger_timing,93,0.5231222588262828,0.5231250525081347,0.5169174757870563,0.4668495994407849,0.4665966567235281
C_trigger_timing,94,0.5138014442041497,0.5231250525081347,0.5169174757870563,0.4668495994407849,0.4665966567235281
C_trigger_timing,95,0.5149224272340511,0.5231250525081347,0.5169174757870563,0.4668495994407849,0.4665966567235281
C_trigger_timing,96,0.5332520006496234,0.5231250525081347,0.5169174757870563,0.4668495994407849,0.4665966567235281
C_trigger_timing,97,0.5206833228159252,0.5231250525081347,0.5169174757870563,0.4668495994407849,0.4665966567235281
C_trigger_timing,98,0.5078406747986882,0.5231250525081347,0.5169174757870563,0.4668495994407849,0.4665966567235281
C_trigger_timing,99,0.5174507029888331,0.5231250525081347,0.5169174757870563,0.4668495994407849,0.4665966567235281
C_trigger_timing,100,0.5209574980482127,0.5231250525081347,0.5169174757870563,0.4668495994407849,0.4665966567235281
C_trigger_timing,101,0.5201081851237843,0.5231250525081347,0.5169174757870563,0.4668495994407849,0.4665966567235281
C_trigger_timing,102,0.5095111338977409,0.5231250525081347,0.5169174757870563,0.4668495994407849,0.4665966567235281
C_trigger_timing,103,0.5164597001145866,0.5231250525081347,0.5169174757870563,0.4668495994407849,0.4665966567235281
C_trigger_timing,104,0.5257747987593465,0.5231250525081347,0.5169174757870563,0.4668495994407849,0.4665966567235281
C_trigger_timing,105,0.5222601099866688,0.5231250525081347,0.5169174757870563,0.4668495994407849,0.4665966567235281
C_trigger_timing,106,0.5097560332366513,0.5231250525081347,0.5169174757870563,0.4668495994407849,0.4665966567235281
C_trigger_timing,107,0.5215012039565482,0.5231250525081347,0.5169174757870563,0.4668495994407849,0.4665966567235281
C_trigger_timing,108,0.5365049645281705,0.5231250525081347,0.5169174757870563,0.4668495994407849,0.4665966567235281
C_trigger_timing,109,0.5169802866455793,0.5231250525081347,0.5169174757870563,0.4668495994407849,0.4665966567235281
C_trigger_timing,110,0.5205862276258575,0.5231250525081347,0.5169174757870563,0.4668495994407849,0.4665966567235281
C_trigger_timing,111,0.5349040197066053,0.5231250525081347,0.5169174757870563,0.4668495994407849,0.4665966567235281
C_trigger_timing,112,0.538307462523879,0.5231250525081347,0.5169174757870563,0.4668495994407849,0.4665966567235281
C_trigger_timing,113,0.5231796391117388,0.5231250525081347,0.5169174757870563,0.4668495994407849,0.4665966567235281
C_trigger_timing,114,0.5278237657189953,0.5231250525081347,0.5169174757870563,0.4668495994407849,0.4665966567235281
C_trigger_timing,115,0.5314509163885013,0.5231250525081347,0.5169174757870563,0.4668495994407849,0.4665966567235281
C_trigger_timing,116,0.5318431175236343,0.5231250525081347,0.5169174757870563,0.4668495994407849,0.4665966567235281
C_trigger_timing,117,0.5303074097376379,0.5231250525081347,0.5169174757870563,0.4668495994407849,0.4665966567235281
C_trigger_timing,118,0.522849703577181,0.5231250525081347,0.5169174757870563,0.4668495994407849,0.4665966567235281
C_trigger_timing,119,0.5075439352500477,0.5231250525081347,0.5169174757870563,0.4668495994407849,0.4665966567235281
C_trigger_timing,120,0.5235910877413347,0.5231250525081347,0.5169174757870563,0.4668495994407849,0.4665966567235281
C_trigger_timing,121,0.5238630646294167,0.5231250525081347,0.5169174757870563,0.4668495994407849,0.4665966567235281
C_trigger_timing,122,0.5283254376140996,0.5231250525081347,0.5169174757870563,0.4668495994407849,0.4665966567235281
C_trigger_timing,123,0.5296597280246641,0.5231250525081347,0.5169174757870563,0.4668495994407849,0.4665966567235281
C_trigger_timing,124,0.5190945638758839,0.5231250525081347,0.5169174757870563,0.4668495994407849,0.4665966567235281
C_trigger_timing,125,0.5204833176886722,0.5231250525081347,0.5169174757870563,0.4668495994407849,0.4665966567235281
C_trigger_timing,126,0.520700024723954,0.5231250525081347,0.5169174757870563,0.4668495994407849,0.4665966567235281
C_trigger_timing,127,0.529910388129513,0.5231250525081347,0.5169174757870563,0.4668495994407849,0.4665966567235281
C_trigger_timing,128,0.5067459702400746,0.5231250525081347,0.5169174757870563,0.4668495994407849,0.4665966567235281
C_trigger_timing,129,0.5258139520936814,0.5231250525081347,0.5169174757870563,0.4668495994407849,0.4665966567235281
C_trigger_timing,130,0.5064346407273352,0.5231250525081347,0.5169174757870563,0.4668495994407849,0.4665966567235281
C_trigger_timing,131,0.5171911588080002,0.5231250525081347,0.5169174757870563,0.4668495994407849,0.4665966567235281
C_trigger_timing,132,0.5213996109094323,0.5231250525081347,0.5169174757870563,0.4668495994407849,0.4665966567235281
C_trigger_timing,133,0.517685620020957,0.5231250525081347,0.5169174757870563,0.4668495994407849,0.4665966567235281
C_trigger_timing,134,0.5211802996109893,0.5231250525081347,0.5169174757870563,0.4668495994407849,0.4665966567235281
C_trigger_timing,135,0.5314294270778708,0.5231250525081347,0.5169174757870563,0.4668495994407849,0.4665966567235281
C_trigger_timing,136,0.5035407841206986,0.5231250525081347,0.5169174757870563,0.4668495994407849,0.4665966567235281
C_trigger_timing,137,0.5154098458169372,0.5231250525081347,0.5169174757870563,0.4668495994407849,0.4665966567235281
C_trigger_timing,138,0.5243609711207032,0.5231250525081347,0.5169174757870563,0.4668495994407849,0.4665966567235281
C_trigger_timing,139,0.5135282809317125,0.5231250525081347,0.5169174757870563,0.4668495994407849,0.4665966567235281
C_trigger_timing,140,0.5281692650172755,0.5231250525081347,0.5169174757870563,0.4668495994407849,0.4665966567235281
C_trigger_timing,141,0.5063088739473014,0.5231250525081347,0.5169174757870563,0.4668495994407849,0.4665966567235281
C_trigger_timing,142,0.5222634149956691,0.5231250525081347,0.5169174757870563,0.4668495994407849,0.4665966567235281
C_trigger_timing,143,0.5202627926927967,0.5231250525081347,0.5169174757870563,0.4668495994407849,0.4665966567235281
C_trigger_timing,144,0.5241903609415568,0.5231250525081347,0.5169174757870563,0.4668495994407849,0.4665966567235281
C_trigger_timing,145,0.5227044967996898,0.5231250525081347,0.5169174757870563,0.4668495994407849,0.4665966567235281
C_trigger_timing,146,0.526170417719704,0.5231250525081347,0.5169174757870563,0.4668495994407849,0.4665966567235281
C_trigger_timing,147,0.5195310912233785,0.5231250525081347,0.5169174757870563,0.4668495994407849,0.4665966567235281
C_trigger_timing,148,0.5164845609980261,0.5231250525081347,0.5169174757870563,0.4668495994407849,0.4665966567235281
C_trigger_timing,149,0.5249840381471542,0.5231250525081347,0.5169174757870563,0.4668495994407849,0.4665966567235281
D_regime_switch_vol,0,-0.3697394277006004,-0.41059790713117017,-0.21214305691242424,-0.0343572873541144,-0.5900476288921801
D_regime_switch_vol,1,-0.10905996871890256,-0.0943459308431563,-0.4414812392017824,-0.20788781040663235,-0.4956079136054239
D_regime_switch_vol,2,-0.7481861305278251,-0.753665140796039,-0.7026318893796146,-0.48597835030793046,-0.5527828946493111
D_regime_switch_vol,3,-0.02139781126985797,-0.07412802877444927,0.16520884335273758,-0.18970589590979312,-0.3798903058558588
D_regime_switch_vol,4,-0.3565831081740642,-0.806366612232388,0.04365364231433467,-0.5744939841960659,-0.7099439795368713
D_regime_switch_vol,5,-0.5374527482363649,-0.6539395783884339,-0.7584228284906511,-0.5788046076339465,-0.596994393107836
D_regime_switch_vol,6,-0.658480523685054,-0.6289591983848836,-0.535549678006737,-0.5291526290660092,-0.4505050563182765
D_regime_switch_vol,7,-1.2667167494023255,-1.428581928772393,-1.5949358264328415,-0.9157924674957072,-1.4369611410248362
D_regime_switch_vol,8,-0.523073703048475,-0.6837147085521784,-0.8727100377206404,-0.9758235540146686,-1.119574542475222
D_regime_switch_vol,9,-0.8625315138698371,-0.7877002599119327,-0.6738930689283263,-0.7256008143555234,-0.819179498481342
D_regime_switch_vol,10,-0.7666684044763923,-0.9337288478400559,-0.746515904928792,-0.86873646331776,-0.9858640576402182
D_regime_switch_vol,11,-0.2832090865335727,-0.6641493865289608,-0.6933878100092653,-0.6854031756383783,-0.7238523316812641
D_regime_switch_vol,12,-1.0677995911757125,-1.0098918425087495,-1.1998115392595043,-0.787320929182912,-0.8736622039779929
D_regime_switch_vol,13,-0.7174568458374159,-0.26037447144524956,-0.2815658606172003,-0.7419092126805353,-0.9839155983963709
D_regime_switch_vol,14,-0.5513543485429107,-0.5086263569082253,-0.6759941448636929,-0.9686526933406492,-0.8604479122242998
D_regime_switch_vol,15,0.04446024227454674,-0.05199430567583328,-0.15821566681631802,0.05730113975284647,0.04740955239794747
D_regime_switch_vol,16,0.7384465630668134,0.25049363553460285,0.6275700624976164,0.06363042302463598,0.29604143762323853
D_regime_switch_vol,17,-0.7142346708092976,-0.7611706902121379,-0.9931793594983527,-0.7537427623989407,-1.0478492119468141
D_regime_switch_vol,18,-1.1214426853412902,-0.530962460954044,-1.097100514158112,-0.7006259262087507,-0.9653624507192903
D_regime_switch_vol,19,-0.6325285190559509,-0.7394753003556489,-0.5605563820584963,-0.31415729299778555,-0.6995027461761433
D_regime_switch_vol,20,-0.6076431217204312,-0.1860201098668342,-0.559383149815665,-0.5953374680937373,-0.5423337371604439
D_regime_switch_vol,21,-0.27291248278360813,-0.7892588549977827,-0.5620803965380289,-0.32315794296257083,-0.31178267645749663
D_regime_switch_vol,22,-0.21492653536554443,-0.26179082965199385,-0.45299043579364323,-0.40346248749346497,-0.2582099740967987
D_regime_switch_vol,23,0.2117530666225828,-0.015284054459055528,0.005664283808681112,0.3504503513816686,0.23650067168618433
D_regime_switch_vol,24,-0.501433093984628,-0.02486798695280253,0.03190196817062666,0.24988933547298367,0.17953128407283278
D_regime_switch_vol,25,-0.4438366170670866,0.03835495267065018,-0.4372490357263969,0.11331425208098632,-0.1847753360207921
D_regime_switch_vol,26,-0.635408883755052,-0.66071545226981,-0.9927584600394638,-0.5214509846637285,-0.6129284992657245
D_regime_switch_vol,27,-0.7266960126080535,-0.6384241599878736,-0.5022009256155462,-0.5930979400623387,-0.857332466464332
D_regime_switch_vol,28,-0.13379918346237699,-0.26952973028596877,-0.38884636383018045,-0.5671415588374313,-0.4672679524437679
D_regime_switch_vol,29,-0.7722504578845211,-0.6056560879478775,-0.5789902870148266,-0.9228411929118524,-1.0534612511485613
D_regime_switch_vol,30,-0.2886398803883593,-0.04469917177444383,-0.31159103155527934,-0.5456650173197388,-0.5779202962081549
D_regime_switch_vol,31,-0.6288739682566793,-0.9561865196321881,-0.800953821412137,-0.49000927895841573,-0.4943137700940439
D_regime_switch_vol,32,-0.03563254454184796,-0.04848862299846095,-0.28039187874631893,-0.3723828532750971,-0.3792116422726672
D_regime_switch_vol,33,-0.5053698060854506,-0.8238646155999562,-0.24449333335681556,-0.42635245809479555,-0.23561880339349942
D_regime_switch_vol,34,0.14276527363966152,0.15266474159026744,0.3059577825673175,0.06338485836185306,0.33806034259941087
D_regime_switch_vol,35,-0.5015493007874776,-0.5510185601696672,-0.6398207000197381,-0.11945867154045998,-0.44229284281681464
D_regime_switch_vol,36,-1.1991498900353623,-1.0007688392187495,-1.0327217937795001,-0.4123287085976126,-0.8288835834646971
D_regime_switch_vol,37,-0.12506627082493452,0.28389743382600685,0.2216867056599905,0.07711135806702946,0.29006698936409026
D_regime_switch_vol,38,-0.8879098601776526,-0.545164491241352,-0.7007345808498571,-0.4633600429408177,-0.21720145659629214
D_regime_switch_vol,39,-1.5723497010800471,-0.6908644107371807,-1.445514576233964,-1.575252643908669,-1.1051660061694901
D_regime_switch_vol,40,-1.017843338898927,-1.000510635039464,-1.093306663706613,-0.7836124784251738,-1.1283285506794074
D_regime_switch_vol,41,-0.6959644818920998,-0.9822002841271823,-0.7384776636999363,-0.728032402819716,-0.632168273960922
D_regime_switch_vol,42,-0.40826752826074353,-0.35068941095185857,-0.4464203461562413,-0.5276006415099727,-0.7003965054450231
D_regime_switch_vol,43,-0.3162168996420681,-0.8801164583499117,-0.6147158296276262,-0.8511080627846493,-0.9108917692141288
D_regime_switch_vol,44,-0.5591006043930864,-0.3266639065904884,-0.43031791944834646,-0.30144206378675376,-0.36157259794687185
D_regime_switch_vol,45,0.08667740866169263,-0.20335077725145417,-0.03370027095673061,-0.4803573153962993,-0.5323411844671805
D_regime_switch_vol,46,-0.21849384134018507,-0.6358047138169014,-0.2615812494414276,-0.5350160947474004,-0.8071464607953149
D_regime_switch_vol,47,-0.7706223400239436,-1.0648512834386332,-1.1027899902967981,-0.41346651282779234,-0.9517968346042106
D_regime_switch_vol,48,-0.5137559214265753,-0.5230939399874875,-0.4147411903594464,-0.5038014799646977,-0.4074750005082083
D_regime_switch_vol,49,-0.697790541146305,0.0394229824415954,-0.7754487266996188,-0.6470121799719742,-0.7731607250975262
D_regime_switch_vol,50,-0.009893852086499972,-0.04704528589694952,-0.22446296954751,-0.08657858929650679,-0.1950573715613363
D_regime_switch_vol,51,-0.13451854546633638,-0.18614224289028666,0.03903807381661862,0.25762984434685776,0.2447751632957098
D_regime_switch_vol,52,-0.9980043586050675,-0.8983517508986448,-0.7914469357577952,-1.4471520952258954,-1.4068143022016266
D_regime_switch_vol,53,-0.40430052790299187,-0.32857375033034525,-0.4825502249133702,-0.9408703915888357,-0.8441717274565684
D_regime_switch_vol,54,0.2704706513443834,0.05082132600121194,0.12746571080182253,0.20906118556739534,-0.16445947585140244
D_regime_switch_vol,55,-0.29032230226534544,-0.5181839456337588,-0.5540270098679814,0.03268789930161774,-0.2687877760377893
D_regime_switch_vol,56,-0.1850698504970826,-0.5737627378328403,-0.46949645907644344,-0.5618071789704397,-0.6914767019928039
D_regime_switch_vol,57,0.35256907931445125,0.21240153581469792,0.3607025137103299,0.1246960690376017,0.07874247101646814
D_regime_switch_vol,58,-0.2523963669139473,-0.4574891405742508,-0.6145962639554619,0.12452397852713515,-0.6330399369188087
D_regime_switch_vol,59,-0.35774307563681257,-0.3478754650578126,-0.25615559428430934,-0.3185506661596841,-0.48311279383582084
D_regime_switch_vol,60,-1.3950172522905118,-1.179894337588249,-0.8993004852920449,-1.0462384683449786,-1.1081114014313767
D_regime_switch_vol,61,-0.9404358387936377,-0.6418256916118715,-0.9641247887320522,-1.0202212016764092,-1.36551883341536
D_regime_switch_vol,62,-0.4629459200794378,-0.7895047556453038,-0.6813773770840914,-0.968604385168206,-0.8681519034525658
D_regime_switch_vol,63,-0.5643229310710874,-0.1235991869022347,-0.5157654881793806,-0.03855298696245315,-0.19365800875439798
D_regime_switch_vol,64,-0.7344378673531126,-0.963492874689429,-0.8868270626696408,-0.2556962753779305,-0.9348467684550275
D_regime_switch_vol,65,0.039581202517264574,-0.2246612025576776,-0.18894250554355557,0.00702604009916622,0.09799214283779574
D_regime_switch_vol,66,0.4641446779645518,0.35792723641177454,0.26329344722386844,-0.2381105399296629,-0.0637669165650669
D_regime_switch_vol,67,-1.054039419440168,-0.7743016273362556,-0.9903316614405334,-1.0145481187642462,-1.482248193427525
D_regime_switch_vol,68,-1.0615014354241097,-0.9834868772105707,-1.2193192772486543,-0.95811031763641,-1.1241180279813308
D_regime_switch_vol,69,-0.2773560286981606,-0.6615169210010415,-0.7827742231585845,-0.6835774881721681,-0.5330821895650709
D_regime_switch_vol,70,-0.11258079802594054,-0.16800323962533442,-0.20486403843083686,-0.43885726505398404,-0.27806385891752433
D_regime_switch_vol,71,-0.7327961842266937,-0.6304644506764742,-0.6870453571303146,-0.21436968840346157,-0.6401655908563378
D_regime_switch_vol,72,-0.9116083393552649,-1.0419644443759088,-1.0759136242540885,-0.5858077930591676,-0.8025842113932276
D_regime_switch_vol,73,0.07135086394088225,0.2393691347797494,-0.16119205011401494,0.13934265371920107,-0.4070394620540741
D_regime_switch_vol,74,-0.879274399503966,-0.8242864959820261,-0.647041912494202,-0.781707194615579,-0.5977800263108742
D_regime_switch_vol,75,-0.3017665603288389,-0.28603208218528076,-0.4488977670955985,-0.4802531808916016,-0.2425284072522246
D_regime_switch_vol,76,-0.3657550658024366,0.07443642370256971,-0.09813862242396622,0.2133812253384466,-0.1192896387076731
D_regime_switch_vol,77,-0.07751877000247472,-0.30719428186801356,0.1196078806673895,-0.08035380956606235,-0.3504977412934161
D_regime_switch_vol,78,-0.3172327378511027,-0.4079526274696622,-0.26806027859102644,-0.33075198858646815,-0.47045975494760595
D_regime_switch_vol,79,-0.21834690877792254,-0.11293105672505482,-0.053935411842589626,-0.041141086247114975,-0.375472144344752
D_regime_switch_vol,80,0.26357755151906925,0.8906283451826781,0.464998273272127,0.34759504080381337,0.4595795998222219
D_regime_switch_vol,81,0.06776065756844651,0.1026463725812763,0.08166687297263373,0.053462017393277605,-0.005750823925795112
D_regime_switch_vol,82,-0.7217942909832815,-0.5932294446447856,-0.6544513326989523,-0.8979056362180103,-0.7250518747450043
D_regime_switch_vol,83,-0.6588112446380728,-0.8022186349830419,-0.3650918744766664,-0.5007037834670529,-0.5338851472959821
D_regime_switch_vol,84,0.0435990041588932,-0.27847290471207575,-0.20518950201749778,-0.08395312366937602,-0.04513450836459882
D_regime_switch_vol,85,-0.780858528755765,-0.580709689520397,-0.6563591283102368,-0.6185915799432319,-0.7779218306655102
D_regime_switch_vol,86,-0.5280960163523608,-0.49529638965880507,-0.5490799007833286,-0.3308864605562331,-0.5500019614574668
D_regime_switch_vol,87,-0.6473977918843261,-0.9394253534971901,-0.49677152019393467,-0.922454828256385,-0.5819427175020973
D_regime_switch_vol,88,-0.37787584307579963,-0.2734846372971756,-0.36477276705069794,-0.5394600636068404,-0.39710546106292577
D_regime_switch_vol,89,0.18078503944378785,-0.41179789797984695,-0.16605464380145837,-0.3853691467105502,0.11406374163181728
D_regime_switch_vol,90,-0.9657506705423681,-0.7760071810497604,-1.0913332683411356,-1.3788617199282107,-1.1613119097809805
D_regime_switch_vol,91,0.08504602665882613,-0.025320391119632663,-0.08085614516087047,-0.14664802896903176,-0.3510510959731834
D_regime_switch_vol,92,-0.6380895896144396,-0.68339641441002,-0.4378526618560518,-0.7500503891544594,-0.8504567106494126
D_regime_switch_vol,93,-1.4626401143082983,-1.5316317214933144,-1.4628119721121888,-1.0567503358850139,-1.2880664259651746
D_regime_switch_vol,94,0.043654957685025635,-0.15683333250941367,-0.3614620951492269,0.033779706980673965,-0.1351986337422568
D_regime_switch_vol,95,0.08653449014593032,0.1770121069608196,0.19528076884639184,0.016950131537568868,-0.10489424916891134
D_regime_switch_vol,96,-0.5502118058566854,-0.21208534524104228,-0.2430038844058233,-0.3072235049656655,-0.342054506809391
D_regime_switch_vol,97,-0.05147545223231783,-0.5430005020173766,-0.31524595701300506,-0.20323558933604383,-0.47996301922698065
D_regime_switch_vol,98,-0.46090851058800725,-0.5417437195542335,-0.7932600291878074,-0.6170767979690358,-0.5293701769594019
D_regime_switch_vol,99,-0.6173272740420737,-0.5380500421213109,-0.9728640233621866,-0.7478317919334496,-0.9458014731071169
D_regime_switch_vol,100,-0.49998811967172047,-0.43950710580216684,-0.6965998207932748,-0.6253297196497544,-0.397384395445947
D_regime_switch_vol,101,-0.865582710692565,-0.8939377059713755,-0.694479162732247,-0.8194586053198994,-0.9699217730509784
D_regime_switch_vol,102,-0.5393520384555872,-0.7327204130123094,-0.5540087902561964,-0.32325669897341885,-0.5914821938119835
D_regime_switch_vol,103,-0.8355313300480315,-0.5749593437419667,-0.6506338030361243,-0.8257170285289102,-0.6680849364935489
D_regime_switch_vol,104,-0.6711241476172847,-0.40123623379504014,-0.5821024200733229,-0.5969047175665267,-0.41043469283376377
D_regime_switch_vol,105,-0.13206482457285063,-0.04438303577404171,-0.3064836481671122,-0.13441451705189641,-0.23798125840848397
D_regime_switch_vol,106,-0.39446405608924245,-0.09859449442969859,-0.26118653257125146,0.17299786093017,0.11665624567031739
D_regime_switch_vol,107,-0.5169276288746432,-0.42314392786007105,-0.45006432536310986,-0.23002507519021245,-0.2015444579385226
D_regime_switch_vol,108,0.17440312437284144,-0.3486000574721416,-0.35882602492861254,-0.7030480070925968,-0.5442842718361331
D_regime_switch_vol,109,0.3671257224299004,-0.15803202483269707,-0.17795718272094538,0.2908044591804969,-0.012549971914093225
D_regime_switch_vol,110,0.24163048994652173,0.011727967437218803,0.16047624467797306,0.49953895880952787,-0.10989271737396346
D_regime_switch_vol,111,-0.7657962408703808,-0.7959525421857911,-1.0300935581082373,-0.7660844404429766,-1.2095790366327799
D_regime_switch_vol,112,-0.9744298959601918,-0.7001730906193697,-0.7972258902372695,-0.42849486215357774,-0.4257080236326521
D_regime_switch_vol,113,0.6366698113152007,0.28679903390725947,0.38776551634882817,-0.007611821288569813,0.13112465071025842
D_regime_switch_vol,114,-0.1132416885533792,0.07754807606684516,0.3422989277874519,-0.40297612959968265,-0.2856981278356154
D_regime_switch_vol,115,-0.902796905418137,-0.7185391481608325,-0.646900749488843,-0.5081620864040894,-0.48147101411849313
D_regime_switch_vol,116,-0.25460668684761095,-0.1618185721981099,-0.17435818229846894,-0.3314166424184165,-0.45837964265941156
D_regime_switch_vol,117,-0.19598462667760663,-0.1539690158791787,-0.0232890368267778,0.09658344244634867,-0.1500028498822706
D_regime_switch_vol,118,-0.29750258768531107,-0.14533212587002328,-0.3235923658484061,0.15977173383125032,0.06535830615653115
D_regime_switch_vol,119,-0.4443362162367919,-0.2590227035523034,-0.08080496953680473,-0.34459231905508536,-0.45299987017613036
D_regime_switch_vol,120,-0.4491224284711812,-0.9013678369594578,-0.6695834960148311,-1.0171443399710856,-1.150719836751223
D_regime_switch_vol,121,0.30618498177499587,-0.4499886520044549,-0.02393179630724391,-0.022580636519664576,-0.18067815664991904
D_regime_switch_vol,122,-0.2077903044217455,-0.3434738886280535,-0.6425529981788576,-0.09394187185121028,-0.39900347376306494
D_regime_switch_vol,123,-0.04376789684363746,-0.2707200215229498,-0.18306693102809693,-0.6095122583389743,-1.0697494915456272
D_regime_switch_vol,124,-0.546103703565613,-0.45523122746550543,-0.3428860125485035,0.23442858546797934,-0.5676839352800923
D_regime_switch_vol,125,-1.1581538682040047,-1.0192534267637343,-0.8092810743902684,-0.8797465161564604,-0.8164915799706969
D_regime_switch_vol,126,0.9792903398961008,0.23458258218932898,1.0152772014541043,0.6992513268220676,0.5873860818313374
D_regime_switch_vol,127,-0.18459499580154,0.04088174648718627,0.17297234509769885,-0.16728169212121569,-0.36308985067194116
D_regime_switch_vol,128,-0.555240861091375,-0.40553820188770817,-0.4842036986548309,-0.3714485559365685,-0.6278989527587053
D_regime_switch_vol,129,-0.15908323406834987,-0.31829050210270776,0.09436722126601209,-0.11895844881231679,-0.16432559269400449
D_regime_switch_vol,130,-0.1423919223067286,-0.14630045703516334,-0.1600998937794017,-0.5316314617211529,-0.5391018968379127
D_regime_switch_vol,131,0.1117840965008686,0.08017569677957342,-0.059606470201194854,-0.040673595472164,-0.1773516722523606
D_regime_switch_vol,132,-1.0868510603366686,-1.0510326465537312,-1.5099256661255565,-1.0533252819322387,-1.533482235619862
D_regime_switch_vol,133,-0.042034747365860665,-0.3941441005785902,-0.46620990444255284,-0.6239881602561618,-0.49549813066331716
D_regime_switch_vol,134,0.4827698986760288,0.18728543487402324,0.09595683630487951,-0.13091948202984305,0.17753121582155218
D_regime_switch_vol,135,-0.9402642926287359,-0.791745997066315,-0.20252425948115554,-0.14514290214179015,-0.47407714130899486
D_regime_switch_vol,136,-1.0431515250245595,-0.5961665309731767,-0.899596452782831,-0.1580856492792134,-0.4292561531950082
D_regime_switch_vol,137,-0.6789437088530214,-0.4513278664483365,-0.6445817019975499,-0.7423453087879307,-0.9346738597393467
D_regime_switch_vol,138,-0.36280392532778577,-0.47866490040812043,-0.12183040344896594,0.3036906657277482,-0.35323319153986504
D_regime_switch_vol,139,-0.7436909949413452,-0.37138726841176517,-0.40402259366296006,-0.7989798878074267,-1.0745953243473534
D_regime_switch_vol,140,-0.5284458762900999,-0.48577252070226035,-0.4325483035612266,-0.8245212783639273,-1.0551952806844107
D_regime_switch_vol,141,-0.4253673380571999,-0.7135722389203232,-0.20004739469954239,-0.9012676057682563,-0.658423080777705
D_regime_switch_vol,142,-0.8186336530693501,-0.40450851597563403,-0.6619669825845372,-0.571451957775018,-0.7432330275017577
D_regime_switch_vol,143,-0.20692717840146185,-0.44075199213844285,-0.4929727386592705,-0.12595810519835254,-0.2955059582033583
D_regime_switch_vol,144,0.0014840849583221594,-0.265420484355221,-0.2338264892078996,-0.5512591080576076,-0.4749410159042305
D_regime_switch_vol,145,-0.14202323563670038,-0.38500886092366154,0.2762978693522234,0.017886420679156776,0.031871492235892966
D_regime_switch_vol,146,-0.26560397027648386,-0.3637755354812849,-0.20583242212780928,-0.6801880740981973,-0.4848652532965197
D_regime_switch_vol,147,-0.2857618836034314,-0.08427843097851502,-0.21586355756953465,-0.6134109487861679,-0.2900741261292796
D_regime_switch_vol,148,-0.564513974103315,-0.5504867391068686,-0.6367809152893029,-0.940087999365153,-0.9454053900113648
D_regime_switch_vol,149,-0.637100449082737,-0.09850142956447831,-0.3679029790606551,-0.5621142078051988,-0.13472813218003987
D_regime_switch_vol,150,-0.039457303022465307,-0.37533045020956896,-0.19195606962904702,-0.4233764545306506,-0.12972265857970763
D_regime_switch_vol,151,-0.05528120128185047,0.23048938550868636,0.1663891959309416,-0.3308749974586067,-0.5669342384329655
D_regime_switch_vol,152,-0.15234271414067743,-0.23293115880510748,-0.26885433691697463,0.02653990413833932,-0.42153593776694664
D_regime_switch_vol,153,-0.16768898095507695,-0.19295127195673922,0.3812519226776482,0.36578713903647,0.30672205229287325
D_regime_switch_vol,154,-0.8807775159580977,-1.0872263968031708,-0.9546604231650675,-0.7950123592100917,-0.9750274806738511
D_regime_switch_vol,155,-0.6569136399804856,-1.0068416672971663,-1.0735252742967984,-1.085435937100671,-1.3759776635485372
D_regime_switch_vol,156,0.30073641637992,0.2501011865998092,0.5698185209739626,-0.06372673992261399,0.330301414569399
D_regime_switch_vol,157,-0.7952935957098055,-0.8195695343442864,-0.6366294624527631,-1.1716820556154595,-1.244040011731139
D_regime_switch_vol,158,-0.13163898554171036,-0.1201306556707931,-0.0822958196411665,-0.39044563794527315,-0.20365745091758436
D_regime_switch_vol,159,-0.20187939086150655,-0.6247431249312008,-0.26456520486609053,-0.26179832695195177,-0.44649355123620016
D_regime_switch_vol,160,-0.8826994722361072,-1.0585886247549317,-0.7509364146456284,-1.1556130663896873,-1.1092950212907695
D_regime_switch_vol,161,0.8191959117760867,0.7169416839777193,0.628522014265391,0.8089382661484268,0.5493692373757744
D_regime_switch_vol,162,-0.4014223648786411,-0.30420552627757225,-0.6137171353417383,-0.3177343868995081,-0.4666946316549984
D_regime_switch_vol,163,0.04483586731774879,0.329371299889435,-0.33416307627153297,0.44169708912067024,0.42408817507474517
D_regime_switch_vol,164,-0.619461890541488,-0.608112250661261,-0.6399534902183308,-0.7302476434837913,-0.4446479171836348
D_regime_switch_vol,165,-0.7952722306002503,-0.5663488474183247,-0.7722668909529562,-1.150092256745588,-1.0196997288554739
D_regime_switch_vol,166,-0.12589518028995336,0.045996690308388245,-0.3451857969499764,-0.375214666352714,-0.2168042424849467
D_regime_switch_vol,167,-0.6015595675378267,-0.720053243396801,-0.7100845150320576,-0.5897833775400413,-0.8750850124989066
D_regime_switch_vol,168,-0.8852175810652084,-0.7083135116788828,-0.7229333486861582,-0.5781410633499529,-0.6147775603504383
D_regime_switch_vol,169,-1.3925689655239617,-0.996513055222035,-0.7638047839699373,-0.5687363945437357,-0.7596100279994166
D_regime_switch_vol,170,0.0926998990995107,-0.31378363631029893,-0.37194355543675306,-0.24647174802759655,-0.2936917911392743
D_regime_switch_vol,171,0.09244304090098222,0.2376359080206862,0.19042524040698575,-0.6454813323363552,-0.4688538623195705
D_regime_switch_vol,172,-0.1694477544556256,-0.2394921295558608,-0.108393143401872,-0.32586398797616295,-0.16512915615147475
D_regime_switch_vol,173,-0.6029010108539962,-0.6444113121789787,-0.628364690396796,-0.707124405394086,-0.8183382643552946
D_regime_switch_vol,174,-0.9346366295929541,-0.5237282709050656,-0.9180644399124146,-0.7300687020626848,-0.49780597182511577
D_regime_switch_vol,175,0.15403282279096414,0.28272698312446154,0.21068461362194973,0.12310116118418513,-0.01945073309612767
D_regime_switch_vol,176,-0.7067258950768347,-0.6940509906039494,-0.8160909418808394,-0.7934716495849194,-0.8371447971773662
D_regime_switch_vol,177,-0.5267615791718351,-0.5298396995238513,-0.6725944206883241,-0.3821191086751103,-0.7193485749724782
D_regime_switch_vol,178,-0.5760782247500335,-0.3173940410189138,-0.3642386935458456,-0.049216058426978904,-0.11530198173858831
D_regime_switch_vol,179,-0.05864155553094398,-0.3308686413972667,-0.41991047763496475,-0.08598030729361854,-0.38593485611246975
D_regime_switch_vol,180,-0.6670336869237087,-0.6594930113254284,-0.5870692657477896,-0.9390891769178068,-0.9027248724102862
D_regime_switch_vol,181,-0.8383741300730614,-1.0098953833191848,-1.001600263252062,-1.0621079655434127,-1.0370406222073585
D_regime_switch_vol,182,-0.709559729250572,-0.213623496256377,-0.7876343954587094,-0.35241010935906225,-0.6040753123231698
D_regime_switch_vol,183,-0.5676911484203867,-0.551448953274278,-0.4513587017492519,-0.3520693709240573,-0.3337465082282561
D_regime_switch_vol,184,-0.4594169076170525,-0.5685793392366467,-0.6255544926389123,-0.45378966313083097,-0.5090555874262604
D_regime_switch_vol,185,-0.9914104391702504,-0.3859394559542483,-0.19829815220167502,-1.0058747693796382,-1.047348148724602
D_regime_switch_vol,186,-0.3631961674056091,-0.042654712400159826,-0.17850692701868764,0.5023261349097676,0.038654263508932946
D_regime_switch_vol,187,-0.3060446973240875,-0.5436195537676869,-0.8338234665474953,-0.40327125908946204,-0.37644068109630224
D_regime_switch_vol,188,-0.41961014302252914,-0.2952468335410562,-0.18749372730873795,-0.015361448617844182,-0.15125325971045353
D_regime_switch_vol,189,-0.1867697711134607,-0.7688392389197052,0.0029554674208246844,0.31258719665757173,-0.09910664324701067
D_regime_switch_vol,190,-0.3638889828166738,-0.6727083142804504,-0.8088592265457571,-0.7046133266312798,-1.0243340660165714
D_regime_switch_vol,191,-0.5428488928499717,-1.3012332658002186,-0.3172585735059678,-0.3128503308992538,-0.7846861624048763
D_regime_switch_vol,192,-1.0574835434696055,-0.31754123669469386,-1.1396136172050255,-0.8820681889466109,-1.0575144912508545
D_regime_switch_vol,193,-0.6542705943262866,-0.6635876988755451,-0.46827462233123496,0.12290159338786256,-0.23491862218106432
D_regime_switch_vol,194,-0.03382230643603003,0.03624752356016072,-0.04181845612336638,-0.11548435301434241,-0.36986109471311235
D_regime_switch_vol,195,-0.6388967146032009,-0.8158193349543418,-0.7791609941385735,-0.9807297618197515,-1.0114397146207208
D_regime_switch_vol,196,-0.23847496433309195,-0.3530404995634802,-0.5364391093407975,-0.10305252972215673,-0.23526743085594873
D_regime_switch_vol,197,-0.8630660604415668,-0.951354436528634,-0.588464682604519,-0.5463972457483862,-1.0227724665295992
D_regime_switch_vol,198,0.1873837821959407,0.20642392719994768,0.029126997127171737,0.15845145876645758,-0.10008821416387591
D_regime_switch_vol,199,-0.7767432397371126,-0.6114317064978292,-0.7004558464226334,-0.7565972122924474,-0.6201322841228678
